Handle,Title,Price,Image URL
wmns-nike-air-force-1-low-valentine-s-day-2024-fz5068-161,(WMNS) Nike Air Force 1 Low 'Valentines Day 2024',AED 508,https://cdn.shopify.com/s/files/1/0603/3031/1875/files/main-square_57cf7b45-39ff-48f5-8ad1-e8e71f4d2e90_x480.png?v=1703145184
nike-air-force-1-low-sports-specialties-white-purple-grey-fog-dd1391-103,Nike Dunk Low 'Grey Fog',AED 435,https://cdn.shopify.com/s/files/1/0603/3031/1875/files/main-square_dd10c557-e441-4844-bafd-34240e53fc50_x480.png?v=1697007772
nike-lebron-witness-vi-ep-light-melon-orange-dc8994-101,Nike LeBron Witness 6 EP 'White Melon Tint',AED 285,https://cdn.shopify.com/s/files/1/0603/3031/1875/files/main-square_04cf6a9a-2f1f-4cc0-9d91-a3270b8e7512_x480.jpg?v=1706243903
nike-p-6000-metallic-silver-metallic-silver-sail-black-cn0149-001,Nike P-6000 'Metallic Silver',AED 403,https://cdn.shopify.com/s/files/1/0603/3031/1875/files/main-square_922792b1-813c-4f48-b0b1-1345390d8c69_x480.jpg?v=1703825778
gs-nike-air-zoom-g-t-cut-3-violet-purple-white-fd7033-500,(GS) Nike Air Zoom G.T. Cut 3 'Violet Purple White',AED 513,https://cdn.shopify.com/s/files/1/0603/3031/1875/files/main-square_cb8f8eea-aecc-480a-b2eb-ddc83c0994e0_x480.jpg?v=1705389894
wmns-nike-air-zoom-vomero-5-valentines-day-hf0737-111,(WMNS) Nike Air Zoom Vomero 5 'Valentine's Day',AED 537,https://cdn.shopify.com/s/files/1/0603/3031/1875/files/main-square_8cbcccf0-30ad-4f07-9a45-637ff7a3ff52_x480.jpg?v=1705389919
nike-dunk-low-sp-st-john-s-cu1727-100,Nike Dunk Low Retro SP 'St. John's',AED 447,https://cdn.shopify.com/s/files/1/0603/3031/1875/products/main-square_7a18fc88-2fa2-4bc0-b060-6bf1e86aaf4d_x480.jpg?v=1695962839
nike-kyrie-flytrap-4-ep-white-purple-pulse-ct1973-101,Nike Kyrie Flytrap 4 EP 'White Purple Pulse',AED 403,https://cdn.shopify.com/s/files/1/0603/3031/1875/files/main-square_bed9e22e-47a2-42f0-8405-e9b21c9b4eed_x480.png?v=1697006892
nike-womens-wmns-dunk-high-aluminum-dd1869-107,(WMNS) Nike Dunk High 'Aluminum',AED 411,https://cdn.shopify.com/s/files/1/0603/3031/1875/files/main-square_8188b3bb-6d58-4cf2-882b-86b834fc0e2a_x480.jpg?v=1706255698
wmns-nike-nike-dbreak-vintage-fir-coconut-milk-dx0751-301,(WMNS) Nike DBreak Vintage 'Fir Coconut Milk',AED 354,https://cdn.shopify.com/s/files/1/0603/3031/1875/files/main-square_3b6fef5b-55b4-4d18-9068-6a9c6f8fe2f0_x480.jpg?v=1706009037
wmns-nike-cortez-valentines-day-fz5167-133,(WMNS) Nike Cortez 'Valentine's Day',AED 513,https://cdn.shopify.com/s/files/1/0603/3031/1875/files/main-square_97969ed6-b4dd-499c-8d66-bdce3e63694c_x480.jpg?v=1704878659
wmns-nike-dunk-low-valentines-day-2024-alternate-hf0736-161,(WMNS) Nike Dunk Low 'Valentine's Day 2024 Alternate',AED 586,https://cdn.shopify.com/s/files/1/0603/3031/1875/files/main-square_9d064d10-61aa-4461-b1a5-f0bd00f8c985_x480.jpg?v=1705658487
wmns-nike-dunk-low-valentines-day-fq7056-100,(WMNS) Nike Dunk Low 'Valentines Day',AED 529,https://cdn.shopify.com/s/files/1/0603/3031/1875/files/main-square_5dc9eb81-d04e-463b-abb8-f6f28abc9052_x480.jpg?v=1705652022
nike-dunk-low-sb-skateboard-court-purple-bq6817-500,Nike SB Dunk Low 'Court Purple',AED 614,https://cdn.shopify.com/s/files/1/0603/3031/1875/products/main-square_57ba5011-0cc9-4580-a1d9-e0db238dc3d1_x480.jpg?v=1695613565
nike-mac-attack-qs-sp-og-fb8938-001,Nike Mac Attack OG 'Light Smoke Grey',AED 346,https://cdn.shopify.com/s/files/1/0603/3031/1875/files/main-square_d6f68985-c597-47d1-828c-ee4b23b1d903_x480.jpg?v=1706073505
nike-air-force-1-07-lx-rose-pink-foam-cu6312-600,Nike Air Force 1 '07 LX 'Rose - Pink Foam',AED 565,https://cdn.shopify.com/s/files/1/0603/3031/1875/files/main-square_5ef839b3-f079-4b94-b1d3-2ef6530641f9_x480.jpg?v=1704866537
